id,traitement,age,sexe,region,niveau_educ,milieu,emploi_baseline,revenu_baseline,competences_baseline,emploi_endline,revenu_endline,competences_endline
1,1,26,Femme,Tahoua,Primaire,Rural,20,43298,41,39,67838,68
2,1,20,Homme,Maradi,Technique,Urbain,19,35233,50,31,58241,69
3,1,23,Femme,Tahoua,Secondaire,Urbain,22,41094,43,36,53901,61
4,1,24,Femme,Maradi,Technique,Rural,16,49538,39,37,78247,57
5,1,23,Femme,Niamey,Secondaire,Urbain,34,21066,37,51,36565,61
6,1,22,Femme,Tahoua,Secondaire,Urbain,18,33008,39,35,61961,49
7,1,27,Femme,Maradi,Secondaire,Rural,35,48406,49,49,67058,74
8,1,22,Femme,Zinder,Secondaire,Rural,13,31786,42,21,52384,54
9,1,28,Homme,Maradi,Secondaire,Rural,32,56800,35,52,78773,60
10,1,22,Homme,Tahoua,Technique,Urbain,20,32800,38,26,46094,57
11,1,26,Homme,Niamey,Primaire,Urbain,26,34633,17,49,68005,47
12,1,29,Homme,Zinder,Secondaire,Urbain,31,42276,43,50,63237,55
13,1,18,Femme,Maradi,Secondaire,Rural,18,41731,50,36,73881,67
14,1,21,Femme,Niamey,Secondaire,Urbain,27,41955,29,43,65494,50
15,1,22,Homme,Maradi,Secondaire,Rural,25,49989,41,32,73608,63
16,1,24,Femme,Maradi,Primaire,Urbain,16,51869,35,36,67752,46
17,1,21,Homme,Zinder,Secondaire,Rural,30,23181,32,50,52596,51
18,1,14,Femme,Zinder,Technique,Urbain,7,56440,41,23,81888,52
19,1,15,Femme,Maradi,Primaire,Rural,37,61131,33,56,82426,56
20,1,26,Femme,Zinder,Primaire,Urbain,35,35946,39,57,67244,56
21,1,21,Homme,Maradi,Secondaire,Urbain,23,22357,53,43,50374,75
22,1,17,Homme,Zinder,Primaire,Urbain,22,25330,23,43,50833,50
23,1,21,Homme,Niamey,Primaire,Rural,28,22046,33,48,47196,54
24,1,26,Homme,Niamey,Secondaire,Rural,21,48705,36,36,82781,61
25,1,28,Femme,Niamey,Primaire,Urbain,23,52610,52,51,76743,71
26,1,21,Femme,Tahoua,Secondaire,Urbain,27,62688,49,48,103882,69
27,1,21,Homme,Tahoua,Secondaire,Urbain,24,48883,39,44,77590,62
28,1,17,Homme,Tahoua,Primaire,Rural,39,56082,28,55,79332,48
29,1,23,Femme,Zinder,Secondaire,Urbain,22,38317,43,31,72226,61
30,1,20,Femme,Niamey,Secondaire,Urbain,18,33085,41,35,46456,55
31,1,23,Homme,Maradi,Technique,Rural,16,48208,45,32,83127,71
32,1,24,Homme,Tahoua,Technique,Urbain,20,49046,40,28,58095,72
33,1,25,Homme,Tahoua,Technique,Urbain,17,20120,26,39,52796,52
34,1,20,Homme,Niamey,Technique,Urbain,33,56255,37,51,91604,63
35,1,24,Homme,Maradi,Technique,Urbain,27,37643,55,52,49244,71
36,1,17,Homme,Niamey,Primaire,Rural,24,43655,23,41,65912,44
37,1,20,Homme,Zinder,Primaire,Rural,25,32833,42,51,49608,63
38,1,19,Homme,Niamey,Secondaire,Urbain,18,52637,56,30,77824,80
39,1,15,Homme,Zinder,Secondaire,Rural,44,40551,35,57,59732,53
40,1,22,Homme,Maradi,Primaire,Rural,31,27944,45,47,48915,60
41,1,23,Femme,Niamey,Primaire,Rural,31,48469,35,55,66121,54
42,1,21,Homme,Tahoua,Secondaire,Rural,26,25226,44,36,58267,81
43,1,24,Homme,Maradi,Secondaire,Rural,26,42717,27,53,74228,45
44,1,20,Femme,Niamey,Secondaire,Urbain,30,45233,34,51,74348,60
45,1,18,Femme,Zinder,Secondaire,Rural,28,77422,51,49,104038,61
46,1,23,Femme,Zinder,Primaire,Urbain,31,51132,63,45,79024,101
47,1,20,Femme,Niamey,Technique,Rural,21,29720,36,40,52227,47
48,1,26,Homme,Zinder,Secondaire,Rural,35,49517,44,49,93036,65
49,1,21,Homme,Maradi,Primaire,Rural,13,43815,52,30,69638,72
50,1,24,Homme,Niamey,Primaire,Rural,40,47647,38,56,77673,57
51,1,23,Femme,Niamey,Technique,Rural,24,25609,41,46,56355,51
52,1,20,Femme,Niamey,Secondaire,Urbain,27,65171,48,43,96659,62
53,1,27,Homme,Tahoua,Technique,Rural,25,51699,16,40,87238,43
54,1,24,Femme,Niamey,Primaire,Urbain,18,40483,46,36,63378,67
55,1,22,Femme,Zinder,Technique,Urbain,21,20669,31,42,30688,51
56,1,23,Femme,Zinder,Secondaire,Urbain,37,49775,41,59,92639,63
57,1,24,Homme,Maradi,Primaire,Urbain,42,28237,37,63,50548,58
58,1,22,Femme,Maradi,Secondaire,Rural,17,30813,39,42,53747,60
59,1,13,Homme,Maradi,Secondaire,Urbain,28,51508,49,50,88747,74
60,1,23,Femme,Maradi,Primaire,Urbain,21,53817,43,31,82636,67
61,1,21,Femme,Niamey,Secondaire,Urbain,26,40458,35,51,55760,63
62,1,23,Homme,Maradi,Technique,Urbain,28,25286,41,51,52429,61
63,1,24,Homme,Maradi,Secondaire,Urbain,21,16756,49,36,29552,71
64,1,26,Femme,Tahoua,Secondaire,Rural,27,28198,45,52,51379,52
65,1,20,Femme,Tahoua,Secondaire,Rural,38,36638,25,48,44259,53
66,1,26,Femme,Tahoua,Secondaire,Urbain,16,33316,10,34,62027,35
67,1,23,Homme,Niamey,Secondaire,Urbain,22,48857,44,48,61074,63
68,1,25,Homme,Maradi,Secondaire,Rural,27,35172,36,48,50497,67
69,1,25,Homme,Zinder,Primaire,Rural,28,50672,44,49,60649,63
70,1,24,Femme,Tahoua,Primaire,Urbain,26,59345,43,34,89619,65
71,1,19,Homme,Tahoua,Primaire,Urbain,28,39652,35,40,55137,46
72,1,22,Femme,Maradi,Technique,Urbain,24,28762,44,38,41201,65
73,1,24,Femme,Tahoua,Secondaire,Rural,27,30780,46,42,35571,61
74,1,19,Femme,Tahoua,Secondaire,Urbain,24,54127,50,50,89586,66
75,1,20,Homme,Tahoua,Technique,Rural,32,26312,41,49,47902,72
76,1,24,Homme,Maradi,Technique,Rural,31,64226,31,46,80176,58
77,1,24,Homme,Zinder,Technique,Rural,25,48351,38,42,67524,54
78,1,23,Femme,Tahoua,Primaire,Urbain,36,56498,28,60,67524,54
79,1,19,Homme,Tahoua,Technique,Urbain,26,36145,41,46,72800,67
80,1,19,Homme,Niamey,Primaire,Rural,30,37307,26,46,58405,50
81,1,27,Homme,Niamey,Secondaire,Urbain,27,50358,61,34,70740,81
82,1,23,Homme,Tahoua,Primaire,Urbain,20,42729,21,42,73783,43
83,1,22,Homme,Zinder,Secondaire,Urbain,31,52057,39,47,84904,64
84,1,22,Femme,Zinder,Primaire,Urbain,10,42743,60,29,73610,78
85,1,18,Homme,Zinder,Secondaire,Urbain,17,42803,29,34,60930,58
86,1,24,Homme,Maradi,Primaire,Rural,30,66124,32,47,78587,51
87,1,21,Homme,Zinder,Secondaire,Urbain,35,50902,19,55,69691,46
88,1,21,Homme,Zinder,Secondaire,Urbain,13,17077,25,32,40656,47
89,1,25,Femme,Niamey,Secondaire,Urbain,34,53607,30,52,75752,46
90,1,24,Homme,Niamey,Secondaire,Rural,14,36812,24,41,69164,44
91,1,26,Femme,Maradi,Secondaire,Urbain,20,45463,44,33,75673,67
92,1,21,Femme,Tahoua,Secondaire,Urbain,14,61241,55,34,82680,72
93,1,24,Homme,Niamey,Secondaire,Rural,24,65297,31,44,93677,47
94,1,26,Homme,Niamey,Secondaire,Rural,25,21273,29,40,46144,53
95,1,19,Homme,Niamey,Secondaire,Urbain,28,26695,52,38,51850,76
96,1,19,Femme,Tahoua,Primaire,Urbain,22,50253,25,42,77287,52
97,1,19,Homme,Niamey,Secondaire,Rural,25,37282,43,46,75731,66
98,1,18,Homme,Maradi,Technique,Urbain,27,39287,48,49,62798,74
99,1,22,Femme,Zinder,Primaire,Urbain,17,59753,61,36,79514,78
100,1,24,Homme,Zinder,Primaire,Rural,19,39461,45,39,52892,75
101,1,26,Femme,Zinder,Primaire,Rural,36,30994,32,54,55768,56
102,1,25,Homme,Niamey,Secondaire,Urbain,1,41396,53,18,81444,71
103,1,19,Femme,Maradi,Technique,Urbain,33,54240,24,55,82305,41
104,1,28,Femme,Tahoua,Primaire,Rural,33,47883,45,53,70668,57
105,1,20,Homme,Zinder,Secondaire,Urbain,36,54050,41,64,88402,66
106,1,22,Homme,Maradi,Secondaire,Rural,22,23771,17,39,36282,28
107,1,21,Femme,Maradi,Primaire,Urbain,32,46396,39,44,60327,67
108,1,22,Femme,Niamey,Technique,Rural,27,53304,44,43,90851,62
109,1,23,Femme,Zinder,Technique,Urbain,20,61536,40,39,85590,62
110,1,22,Homme,Maradi,Secondaire,Urbain,29,12168,55,51,45281,69
111,1,22,Femme,Zinder,Secondaire,Urbain,28,35609,35,47,60514,60
112,1,22,Femme,Maradi,Primaire,Urbain,22,54697,26,42,87627,55
113,1,21,Femme,Maradi,Primaire,Rural,21,51289,37,41,96843,56
114,1,20,Femme,Zinder,Secondaire,Urbain,23,49273,42,45,84214,70
115,1,17,Femme,Tahoua,Secondaire,Urbain,29,25741,16,57,41914,39
116,1,21,Femme,Tahoua,Secondaire,Rural,25,41128,36,49,62605,59
117,1,20,Homme,Zinder,Technique,Rural,14,19062,46,34,37603,70
118,1,30,Homme,Zinder,Secondaire,Rural,27,45229,39,47,63952,55
119,1,18,Femme,Maradi,Primaire,Rural,22,33088,46,35,65615,64
120,1,22,Homme,Zinder,Primaire,Urbain,31,27723,55,52,55255,66
121,1,18,Homme,Tahoua,Secondaire,Rural,15,47031,22,26,84360,33
122,1,18,Homme,Niamey,Secondaire,Urbain,10,66898,54,26,99959,75
123,1,22,Homme,Maradi,Technique,Rural,21,25987,47,49,46709,59
124,1,19,Femme,Niamey,Primaire,Urbain,20,34514,54,35,63241,73
125,1,22,Homme,Tahoua,Technique,Rural,30,42651,47,51,79720,57
126,1,21,Femme,Niamey,Primaire,Urbain,10,36520,41,31,62684,68
127,1,20,Homme,Niamey,Technique,Urbain,16,32476,59,32,54466,82
128,1,16,Homme,Zinder,Technique,Rural,24,52320,38,39,68794,53
129,1,18,Homme,Zinder,Secondaire,Urbain,19,32914,20,41,65624,42
130,1,23,Homme,Maradi,Secondaire,Rural,23,43059,41,50,77919,66
131,1,24,Homme,Niamey,Primaire,Rural,15,56761,21,34,80504,31
132,1,21,Homme,Niamey,Secondaire,Rural,18,49343,54,32,77812,73
133,1,22,Homme,Zinder,Technique,Urbain,18,25732,26,36,55900,45
134,1,25,Femme,Tahoua,Technique,Rural,11,60733,52,18,77751,74
135,1,26,Homme,Niamey,Secondaire,Urbain,28,51473,33,42,89196,49
136,1,19,Femme,Tahoua,Technique,Urbain,21,47626,36,45,61084,60
137,1,22,Femme,Tahoua,Secondaire,Urbain,21,43440,55,32,71893,73
138,1,26,Femme,Zinder,Primaire,Rural,34,34619,45,52,64145,62
139,1,21,Homme,Niamey,Secondaire,Urbain,30,35092,26,58,63590,38
140,1,22,Homme,Niamey,Secondaire,Rural,19,33550,38,32,59421,43
141,1,22,Femme,Zinder,Secondaire,Urbain,32,28293,37,47,54052,54
142,1,19,Femme,Zinder,Secondaire,Rural,22,51390,31,39,70408,62
143,1,21,Femme,Tahoua,Secondaire,Rural,22,28680,46,46,50919,70
144,1,22,Homme,Niamey,Technique,Urbain,26,50016,66,42,73543,81
145,1,21,Homme,Tahoua,Secondaire,Rural,26,34797,29,39,40888,51
146,1,25,Femme,Zinder,Secondaire,Rural,24,55434,38,41,82864,47
147,1,21,Femme,Zinder,Primaire,Rural,23,57414,67,38,84472,92
148,1,21,Femme,Niamey,Primaire,Urbain,28,45249,42,48,65287,59
149,1,24,Femme,Niamey,Primaire,Rural,33,49741,37,50,84689,50
150,1,19,Homme,Niamey,Primaire,Rural,22,48316,40,39,62071,52
151,1,22,Femme,Tahoua,Primaire,Rural,37,28117,23,49,52248,53
152,1,17,Femme,Maradi,Primaire,Urbain,18,54656,39,45,90234,57
153,1,26,Homme,Tahoua,Secondaire,Urbain,41,54301,29,54,88053,49
154,1,21,Homme,Maradi,Primaire,Urbain,32,34102,28,41,80373,41
155,1,21,Homme,Maradi,Technique,Urbain,22,33048,42,37,65505,60
156,1,18,Femme,Zinder,Secondaire,Urbain,8,49351,33,21,74354,61
157,1,22,Homme,Zinder,Technique,Urbain,22,31967,45,47,49131,58
158,1,20,Homme,Tahoua,Primaire,Rural,22,47103,44,39,84905,63
159,1,20,Homme,Niamey,Primaire,Rural,37,52614,44,51,69143,75
160,1,26,Femme,Niamey,Secondaire,Rural,28,41780,41,47,66399,58
161,1,21,Femme,Niamey,Secondaire,Urbain,10,43279,45,30,70202,74
162,1,19,Femme,Niamey,Primaire,Urbain,27,36776,29,50,61798,48
163,1,22,Homme,Maradi,Technique,Rural,17,41274,27,32,67445,43
164,1,21,Femme,Zinder,Secondaire,Urbain,11,38158,32,23,66621,53
165,1,24,Homme,Tahoua,Secondaire,Rural,32,75412,51,55,101490,70
166,1,26,Homme,Tahoua,Primaire,Rural,30,52218,40,48,73076,63
167,1,19,Homme,Maradi,Secondaire,Rural,22,58531,38,38,70946,58
168,1,23,Femme,Niamey,Secondaire,Urbain,36,39357,38,56,64047,51
169,1,22,Femme,Tahoua,Secondaire,Rural,23,42511,41,41,70818,56
170,1,25,Homme,Tahoua,Secondaire,Urbain,12,77948,45,28,104161,63
171,1,21,Homme,Zinder,Primaire,Urbain,32,35037,40,47,69999,56
172,1,25,Homme,Tahoua,Technique,Rural,20,37288,50,37,73526,63
173,1,17,Homme,Zinder,Secondaire,Urbain,26,43301,53,42,61825,75
174,1,27,Femme,Niamey,Technique,Urbain,18,58252,51,37,90570,72
175,1,25,Homme,Niamey,Secondaire,Urbain,15,8988,42,38,28909,61
176,1,22,Homme,Maradi,Primaire,Urbain,29,69643,54,42,105286,83
177,1,18,Homme,Tahoua,Primaire,Rural,18,31874,42,41,63975,64
178,1,24,Homme,Tahoua,Secondaire,Urbain,21,30281,42,41,51683,69
179,1,23,Femme,Tahoua,Primaire,Urbain,31,40893,41,45,50700,55
180,1,22,Homme,Zinder,Primaire,Rural,5,52902,47,21,90584,57
181,1,22,Homme,Zinder,Technique,Urbain,18,34783,34,42,58862,51
182,1,20,Femme,Tahoua,Primaire,Urbain,37,22488,32,62,42740,54
183,1,23,Homme,Niamey,Primaire,Urbain,25,39122,56,44,59269,86
184,1,23,Femme,Tahoua,Technique,Rural,12,48939,26,29,87190,46
185,1,21,Homme,Tahoua,Secondaire,Urbain,25,55382,53,34,103094,74
186,1,18,Femme,Niamey,Technique,Rural,25,58677,24,34,87986,34
187,1,24,Homme,Maradi,Technique,Urbain,19,39793,58,40,61124,88
188,1,24,Homme,Tahoua,Primaire,Rural,20,62556,39,39,96993,44
189,1,19,Femme,Zinder,Primaire,Rural,25,59374,64,48,89246,85
190,1,17,Femme,Niamey,Technique,Urbain,32,39453,43,58,70262,55
191,1,23,Femme,Maradi,Secondaire,Rural,18,55954,34,42,85167,62
192,1,21,Homme,Tahoua,Primaire,Rural,31,57679,49,47,82824,71
193,1,23,Femme,Zinder,Secondaire,Urbain,10,28421,43,33,69609,64
194,1,18,Femme,Niamey,Primaire,Urbain,41,63269,47,56,87301,70
195,1,19,Femme,Tahoua,Secondaire,Urbain,31,44064,43,53,79370,63
196,1,25,Homme,Tahoua,Primaire,Urbain,20,51028,54,45,76797,70
197,1,23,Homme,Tahoua,Secondaire,Urbain,24,43953,50,42,84202,79
198,1,24,Homme,Maradi,Secondaire,Urbain,15,36709,36,37,51505,64
199,1,27,Femme,Maradi,Secondaire,Urbain,18,63317,42,31,90664,67
200,1,22,Homme,Tahoua,Primaire,Urbain,27,60769,56,45,94691,78
201,1,16,Homme,Maradi,Secondaire,Urbain,8,32163,42,22,58886,69
202,1,23,Femme,Niamey,Secondaire,Urbain,30,44809,52,49,71348,71
203,1,26,Homme,Niamey,Technique,Rural,32,51467,51,47,76316,60
204,1,28,Homme,Zinder,Primaire,Urbain,26,23583,42,42,57208,59
205,1,18,Homme,Zinder,Secondaire,Rural,19,39599,48,35,78665,62
206,1,19,Femme,Niamey,Secondaire,Rural,30,50742,35,46,70007,57
207,1,20,Homme,Zinder,Secondaire,Urbain,23,40843,40,37,70334,52
208,1,19,Homme,Zinder,Technique,Urbain,39,20469,59,54,62474,82
209,1,20,Femme,Maradi,Secondaire,Rural,29,27196,43,46,45140,66
210,1,21,Homme,Tahoua,Technique,Urbain,40,33925,53,64,64110,80
211,1,18,Femme,Maradi,Secondaire,Urbain,20,47091,36,44,74807,63
212,1,28,Homme,Maradi,Technique,Rural,34,23192,16,52,56761,31
213,1,22,Homme,Niamey,Primaire,Urbain,33,51000,31,54,70416,61
214,1,22,Femme,Maradi,Primaire,Urbain,30,57763,38,54,85634,59
215,1,23,Homme,Maradi,Primaire,Rural,39,38218,28,53,53825,44
216,1,22,Homme,Zinder,Secondaire,Urbain,34,56329,48,51,78955,59
217,1,22,Femme,Maradi,Secondaire,Urbain,34,56677,40,54,81012,73
218,1,26,Homme,Zinder,Secondaire,Urbain,36,44794,30,57,57526,55
219,1,21,Femme,Niamey,Secondaire,Urbain,19,40681,51,36,76993,79
220,1,18,Femme,Tahoua,Secondaire,Urbain,31,42718,37,50,65972,54
221,1,23,Homme,Niamey,Primaire,Urbain,35,22469,28,53,46204,53
222,1,21,Femme,Tahoua,Secondaire,Rural,10,51724,39,26,72695,49
223,1,20,Femme,Tahoua,Secondaire,Rural,35,49025,42,42,74234,57
224,1,19,Homme,Niamey,Secondaire,Urbain,16,43164,64,37,66881,82
225,1,23,Femme,Niamey,Secondaire,Rural,13,12378,43,34,31287,42
226,1,21,Homme,Maradi,Technique,Urbain,24,48507,36,46,61804,49
227,1,24,Femme,Niamey,Secondaire,Rural,11,51784,30,28,83476,54
228,1,21,Homme,Maradi,Secondaire,Urbain,19,34509,42,46,68219,53
229,1,20,Femme,Tahoua,Secondaire,Urbain,32,57108,37,54,85465,55
230,1,26,Homme,Niamey,Primaire,Rural,26,51925,48,50,84344,67
231,1,21,Homme,Tahoua,Secondaire,Urbain,35,30744,43,53,43063,58
232,1,25,Femme,Niamey,Secondaire,Urbain,27,33497,55,30,52823,75
233,1,18,Femme,Zinder,Secondaire,Urbain,11,42351,42,34,68647,64
234,1,21,Femme,Tahoua,Technique,Urbain,16,33114,26,31,55956,41
235,1,21,Homme,Niamey,Secondaire,Rural,26,32447,31,39,51779,47
236,1,21,Femme,Tahoua,Secondaire,Urbain,22,61316,40,38,77754,62
237,1,26,Femme,Zinder,Secondaire,Urbain,32,31129,46,59,54408,58
238,1,22,Femme,Maradi,Technique,Urbain,26,48130,64,33,73108,94
239,1,23,Femme,Niamey,Secondaire,Urbain,16,26301,47,31,41347,76
240,1,19,Femme,Maradi,Secondaire,Rural,21,44914,46,45,75456,68
241,1,20,Homme,Maradi,Primaire,Rural,33,51813,27,49,72562,47
242,1,25,Homme,Niamey,Secondaire,Urbain,17,58333,44,41,94220,55
243,1,26,Femme,Niamey,Secondaire,Rural,13,31568,27,37,48530,33
244,1,26,Homme,Tahoua,Secondaire,Urbain,30,36056,34,58,60746,65
245,1,18,Femme,Tahoua,Primaire,Urbain,26,55748,49,48,93207,58
246,1,28,Homme,Maradi,Secondaire,Rural,19,52083,50,28,75645,82
247,1,25,Homme,Zinder,Primaire,Urbain,25,41538,36,33,71367,58
248,1,22,Homme,Tahoua,Technique,Urbain,26,45578,34,33,62132,49
249,1,24,Homme,Maradi,Secondaire,Urbain,19,39133,37,31,70025,58
250,1,19,Femme,Maradi,Primaire,Urbain,28,53556,59,35,81722,70
251,1,19,Homme,Niamey,Secondaire,Rural,19,49183,13,35,78177,32
252,1,22,Homme,Tahoua,Secondaire,Rural,22,43877,39,34,69222,64
253,1,18,Homme,Maradi,Primaire,Urbain,31,34855,51,39,50724,70
254,1,23,Femme,Maradi,Secondaire,Urbain,23,48331,38,35,59127,63
255,1,26,Femme,Niamey,Primaire,Urbain,12,41533,28,27,73431,45
256,1,19,Homme,Tahoua,Primaire,Urbain,23,22784,47,40,58845,70
257,1,20,Homme,Niamey,Primaire,Rural,11,33534,49,23,65002,71
258,1,22,Femme,Zinder,Secondaire,Urbain,21,24754,28,46,49901,50
259,1,19,Homme,Tahoua,Primaire,Rural,20,56199,37,37,72054,45
260,1,21,Femme,Niamey,Primaire,Rural,50,63167,47,72,85677,73
261,1,25,Homme,Tahoua,Secondaire,Rural,29,73251,32,50,100493,53
262,1,25,Femme,Niamey,Primaire,Urbain,29,70639,40,51,113958,67
263,1,23,Homme,Tahoua,Primaire,Urbain,27,35969,38,44,58266,59
264,1,16,Femme,Tahoua,Secondaire,Rural,21,29965,38,39,61351,65
265,1,22,Femme,Tahoua,Secondaire,Urbain,4,37502,38,16,64175,61
266,1,25,Femme,Zinder,Technique,Urbain,40,60265,53,62,75893,86
267,1,24,Femme,Zinder,Primaire,Urbain,21,33074,51,33,62223,76
268,1,21,Homme,Niamey,Technique,Urbain,18,36499,45,39,55232,68
269,1,14,Homme,Niamey,Secondaire,Rural,20,36039,38,36,67766,62
270,1,22,Femme,Niamey,Primaire,Urbain,34,41672,23,44,73069,48
271,1,24,Homme,Niamey,Secondaire,Urbain,31,52919,31,46,79114,55
272,1,22,Homme,Zinder,Technique,Rural,36,26854,51,56,51858,71
273,1,22,Femme,Niamey,Secondaire,Urbain,27,44741,31,42,72016,58
274,1,23,Homme,Maradi,Primaire,Rural,24,23945,37,46,57680,54
275,1,21,Femme,Zinder,Secondaire,Rural,23,57426,51,36,99455,80
276,1,26,Femme,Niamey,Technique,Urbain,13,55349,27,31,73180,55
277,1,23,Femme,Zinder,Technique,Rural,27,48187,57,37,66819,80
278,1,18,Femme,Tahoua,Secondaire,Urbain,22,42224,39,37,82545,66
279,1,26,Femme,Maradi,Technique,Urbain,22,57292,16,36,82869,40
280,1,26,Femme,Tahoua,Primaire,Rural,33,52408,30,48,73693,47
281,1,24,Homme,Niamey,Secondaire,Urbain,35,30948,37,52,61252,57
282,1,17,Femme,Tahoua,Primaire,Urbain,45,75230,54,65,117344,79
283,1,20,Femme,Tahoua,Secondaire,Urbain,29,37403,51,44,59462,58
284,1,24,Femme,Tahoua,Secondaire,Urbain,24,32718,47,45,61601,59
285,1,22,Femme,Maradi,Secondaire,Urbain,18,50228,44,31,80613,60
286,1,23,Femme,Niamey,Technique,Urbain,25,48208,39,45,72152,68
287,1,29,Femme,Zinder,Secondaire,Urbain,39,46818,35,54,82611,49
288,1,20,Femme,Maradi,Secondaire,Urbain,23,27851,29,50,54127,45
289,1,16,Homme,Zinder,Technique,Rural,39,46107,50,57,62740,63
290,1,23,Femme,Zinder,Secondaire,Rural,23,49648,41,45,80751,49
291,1,20,Homme,Maradi,Technique,Urbain,27,71925,50,49,104070,77
292,1,23,Homme,Zinder,Primaire,Rural,45,35622,63,61,64207,86
293,1,20,Homme,Tahoua,Secondaire,Urbain,25,53880,44,46,83598,67
294,1,29,Homme,Niamey,Technique,Urbain,13,34699,38,27,68301,59
295,1,22,Homme,Tahoua,Technique,Rural,20,48624,50,44,75727,71
296,1,21,Femme,Maradi,Secondaire,Rural,17,33467,36,39,57199,60
297,1,22,Femme,Maradi,Technique,Urbain,26,21029,44,44,30335,58
298,1,25,Homme,Zinder,Primaire,Rural,20,17317,59,36,47140,71
299,1,22,Homme,Zinder,Primaire,Rural,28,55407,34,39,75363,55
300,1,17,Homme,Zinder,Technique,Rural,38,45913,31,58,72565,51
301,1,22,Homme,Tahoua,Technique,Urbain,17,49623,29,39,70113,45
302,1,24,Femme,Zinder,Secondaire,Urbain,17,20277,52,30,34057,73
303,1,22,Femme,Maradi,Secondaire,Rural,23,43256,46,44,49464,67
304,1,24,Homme,Tahoua,Secondaire,Rural,32,46176,53,54,71810,63
305,1,22,Femme,Maradi,Secondaire,Urbain,28,64814,48,55,99612,71
306,1,22,Femme,Maradi,Primaire,Urbain,26,36630,42,40,61493,60
307,1,23,Femme,Maradi,Technique,Urbain,38,54604,42,58,87388,56
308,1,25,Femme,Tahoua,Technique,Rural,23,44656,41,30,84423,60
309,1,18,Femme,Maradi,Technique,Rural,40,56159,33,59,74798,50
310,1,22,Femme,Niamey,Primaire,Rural,13,46986,41,34,70679,63
311,1,22,Femme,Zinder,Technique,Rural,27,46871,37,51,67254,57
312,1,20,Femme,Niamey,Primaire,Urbain,32,43019,47,44,67974,67
313,1,19,Femme,Tahoua,Primaire,Urbain,34,46056,29,55,64529,46
314,1,20,Femme,Maradi,Technique,Urbain,13,46030,29,31,63137,51
315,1,24,Femme,Zinder,Secondaire,Urbain,20,42941,56,40,65187,79
316,1,21,Homme,Tahoua,Secondaire,Urbain,10,43235,38,33,77117,54
317,1,20,Homme,Maradi,Technique,Urbain,23,55201,53,41,74438,59
318,1,22,Homme,Maradi,Secondaire,Urbain,21,42768,50,47,63661,69
319,1,18,Homme,Maradi,Technique,Rural,33,34975,32,47,56619,56
320,1,25,Femme,Tahoua,Technique,Rural,28,43866,31,53,58444,65
321,1,21,Femme,Tahoua,Technique,Urbain,23,29782,34,47,48844,60
322,1,23,Femme,Niamey,Secondaire,Urbain,36,65625,20,46,83576,28
323,1,22,Homme,Maradi,Secondaire,Urbain,24,74962,43,40,89662,72
324,1,22,Femme,Zinder,Technique,Rural,36,44698,35,48,70791,69
325,1,27,Homme,Tahoua,Primaire,Urbain,30,45084,26,53,67724,55
326,1,20,Femme,Niamey,Secondaire,Urbain,30,33219,31,57,54538,54
327,1,25,Femme,Maradi,Primaire,Rural,32,48687,52,35,85457,66
328,1,22,Femme,Zinder,Primaire,Urbain,20,56755,51,49,77958,67
329,1,19,Femme,Zinder,Primaire,Rural,14,54369,52,33,75284,70
330,1,22,Femme,Maradi,Technique,Urbain,31,44908,33,50,56218,59
331,1,24,Homme,Maradi,Secondaire,Urbain,15,60103,55,26,92375,70
332,1,21,Homme,Maradi,Secondaire,Rural,18,66202,31,37,93357,48
333,1,20,Homme,Zinder,Secondaire,Urbain,23,41261,47,38,66960,62
334,1,22,Homme,Niamey,Secondaire,Rural,30,50124,38,53,79842,55
335,1,25,Homme,Niamey,Primaire,Rural,30,58855,54,41,87966,67
336,1,22,Homme,Zinder,Secondaire,Urbain,10,41554,47,23,60205,79
337,1,18,Homme,Niamey,Technique,Urbain,27,46593,25,47,83679,43
338,1,18,Homme,Niamey,Secondaire,Urbain,11,31725,55,29,52696,75
339,1,20,Femme,Zinder,Technique,Urbain,43,34437,37,59,53635,55
340,1,20,Homme,Tahoua,Secondaire,Rural,17,16336,33,30,35396,64
341,1,22,Femme,Zinder,Primaire,Rural,38,36719,37,58,47518,64
342,1,24,Femme,Tahoua,Primaire,Urbain,22,38666,28,37,68534,43
343,1,21,Homme,Tahoua,Secondaire,Urbain,30,57796,35,47,78447,66
344,1,19,Homme,Niamey,Secondaire,Urbain,19,31865,27,38,61157,45
345,1,24,Femme,Maradi,Secondaire,Rural,26,43979,55,52,55554,85
346,1,23,Femme,Zinder,Primaire,Urbain,30,40008,39,48,61120,57
347,1,25,Homme,Maradi,Secondaire,Rural,37,40398,17,49,67217,33
348,1,17,Femme,Tahoua,Primaire,Rural,20,46662,28,36,64781,48
349,1,22,Homme,Tahoua,Primaire,Rural,12,63030,37,25,95972,52
350,1,26,Homme,Maradi,Secondaire,Urbain,15,31129,12,36,38061,36
351,1,24,Femme,Niamey,Secondaire,Urbain,26,53119,19,40,75809,38
352,1,20,Femme,Maradi,Primaire,Urbain,27,36676,23,43,63468,42
353,1,24,Femme,Tahoua,Technique,Rural,23,31446,50,41,47152,69
354,1,19,Homme,Zinder,Primaire,Rural,25,55168,43,40,74258,74
355,1,21,Femme,Maradi,Secondaire,Rural,23,29588,38,40,46265,66
356,1,26,Femme,Maradi,Secondaire,Rural,22,33586,26,36,59898,46
357,1,21,Homme,Maradi,Primaire,Rural,43,57138,35,62,87625,61
358,1,24,Femme,Zinder,Primaire,Urbain,26,43716,28,53,61509,52
359,1,21,Femme,Tahoua,Secondaire,Urbain,35,63968,41,51,99121,65
360,1,17,Femme,Zinder,Secondaire,Rural,46,77506,45,67,94002,52
361,1,19,Femme,Niamey,Secondaire,Urbain,14,47386,38,26,77710,67
362,1,19,Homme,Maradi,Technique,Rural,24,54127,43,41,77356,61
363,1,21,Homme,Niamey,Technique,Urbain,25,46360,51,41,74745,77
364,1,21,Homme,Maradi,Primaire,Urbain,35,38246,40,56,56822,71
365,1,22,Homme,Tahoua,Secondaire,Urbain,22,36384,30,40,67092,47
366,1,21,Homme,Tahoua,Primaire,Rural,28,57916,59,46,87518,70
367,1,28,Homme,Maradi,Primaire,Urbain,26,53750,42,53,83118,73
368,1,18,Homme,Zinder,Secondaire,Urbain,28,50664,35,45,78706,60
369,1,21,Homme,Niamey,Secondaire,Rural,20,55668,39,39,71695,52
370,1,23,Femme,Zinder,Secondaire,Urbain,46,31397,42,64,58121,59
371,1,27,Homme,Zinder,Secondaire,Rural,16,31829,39,32,58214,54
372,1,22,Homme,Zinder,Technique,Urbain,23,46860,33,45,71521,50
373,1,26,Homme,Maradi,Primaire,Rural,28,51488,47,50,81667,73
374,1,17,Homme,Tahoua,Primaire,Rural,28,58810,39,56,90333,68
375,1,26,Homme,Tahoua,Primaire,Urbain,16,62725,34,35,103242,58
376,1,20,Homme,Maradi,Secondaire,Urbain,24,47186,21,43,78644,29
377,1,21,Homme,Maradi,Secondaire,Rural,14,31787,34,34,53186,48
378,1,19,Homme,Zinder,Technique,Rural,32,30570,44,59,55021,64
379,1,22,Homme,Tahoua,Technique,Rural,18,33399,46,33,58946,62
380,1,27,Homme,Maradi,Primaire,Rural,16,61734,27,34,93760,40
381,1,29,Femme,Maradi,Secondaire,Urbain,25,49852,55,43,83397,78
382,1,19,Femme,Maradi,Secondaire,Urbain,15,62884,29,29,90334,51
383,1,23,Femme,Tahoua,Secondaire,Urbain,27,36831,34,46,62824,57
384,1,26,Femme,Tahoua,Secondaire,Rural,21,44373,42,33,67115,67
385,1,21,Femme,Niamey,Secondaire,Rural,20,52642,44,33,64647,73
386,1,21,Femme,Niamey,Secondaire,Urbain,12,49283,40,30,73359,55
387,1,21,Femme,Niamey,Secondaire,Rural,5,30893,34,30,55887,56
388,1,24,Homme,Tahoua,Primaire,Rural,34,27167,23,55,52632,51
389,1,26,Femme,Niamey,Primaire,Rural,39,15656,29,66,39776,48
390,1,24,Femme,Tahoua,Primaire,Urbain,35,52802,43,49,76089,60
391,1,23,Femme,Niamey,Primaire,Rural,24,52170,44,48,70451,65
392,1,21,Homme,Tahoua,Secondaire,Rural,26,44929,42,52,64303,54
393,1,23,Homme,Zinder,Secondaire,Rural,28,69419,39,41,80263,53
394,1,20,Femme,Niamey,Primaire,Rural,22,48315,40,30,87315,60
395,1,21,Homme,Zinder,Primaire,Urbain,29,39042,41,46,67520,62
396,1,25,Femme,Niamey,Primaire,Urbain,32,59043,70,53,78328,88
397,1,23,Femme,Zinder,Secondaire,Rural,33,57050,40,53,78242,63
398,1,23,Femme,Maradi,Primaire,Urbain,34,36520,30,56,65638,45
399,1,21,Femme,Maradi,Primaire,Urbain,22,45823,51,33,74574,73
400,1,25,Femme,Zinder,Technique,Rural,28,55649,55,43,70752,67
401,1,26,Homme,Niamey,Primaire,Urbain,24,56413,48,48,85004,69
402,1,19,Homme,Niamey,Technique,Rural,15,43404,39,33,66343,55
403,1,22,Homme,Maradi,Secondaire,Urbain,18,29573,24,36,48840,45
404,1,22,Femme,Zinder,Primaire,Urbain,23,64934,48,42,88135,70
405,1,20,Femme,Maradi,Secondaire,Urbain,27,46639,51,50,73719,65
406,1,19,Femme,Niamey,Secondaire,Urbain,35,39428,28,42,74782,50
407,1,22,Femme,Tahoua,Secondaire,Rural,32,41323,30,42,53949,53
408,1,24,Homme,Maradi,Technique,Urbain,15,39770,33,37,57465,56
409,1,26,Femme,Zinder,Technique,Urbain,30,24506,31,57,35288,62
410,1,16,Femme,Maradi,Secondaire,Urbain,18,42945,40,35,63832,67
411,1,20,Femme,Tahoua,Secondaire,Rural,32,56866,21,47,88533,43
412,1,21,Femme,Zinder,Secondaire,Urbain,17,72428,41,35,105333,67
413,1,17,Homme,Niamey,Technique,Rural,15,38569,36,29,73730,68
414,1,20,Homme,Tahoua,Primaire,Rural,26,42731,53,40,72588,71
415,1,20,Femme,Maradi,Technique,Urbain,18,52887,29,30,83543,42
416,1,20,Femme,Tahoua,Primaire,Rural,34,42994,59,54,58431,75
417,1,15,Femme,Niamey,Primaire,Rural,17,38559,38,36,59170,54
418,1,23,Femme,Niamey,Secondaire,Urbain,29,40999,41,42,76249,73
419,1,20,Homme,Tahoua,Secondaire,Urbain,33,47675,32,50,67398,59
420,1,27,Homme,Niamey,Secondaire,Rural,22,18100,22,42,46838,43
421,1,24,Homme,Maradi,Primaire,Urbain,29,37286,24,43,58023,38
422,1,18,Femme,Maradi,Primaire,Rural,20,46554,41,32,68575,61
423,1,22,Femme,Tahoua,Secondaire,Urbain,16,51008,40,35,68651,66
424,1,20,Femme,Maradi,Primaire,Rural,6,33232,53,27,56106,66
425,1,25,Femme,Zinder,Secondaire,Urbain,18,37819,39,31,63934,47
426,1,22,Homme,Maradi,Secondaire,Urbain,28,24756,53,37,51656,78
427,1,20,Femme,Maradi,Primaire,Rural,26,50556,57,46,77666,68
428,1,23,Femme,Niamey,Secondaire,Rural,17,52596,43,32,77363,70
429,1,22,Homme,Niamey,Primaire,Urbain,24,44111,50,50,68229,75
430,1,22,Homme,Zinder,Secondaire,Rural,6,45336,36,25,79729,46
431,1,28,Homme,Tahoua,Primaire,Urbain,31,14855,24,54,40143,43
432,1,20,Femme,Zinder,Secondaire,Rural,18,61962,38,38,88274,50
433,1,21,Femme,Zinder,Secondaire,Rural,24,41361,38,42,77837,47
434,1,17,Homme,Niamey,Primaire,Urbain,28,37808,28,52,57576,44
435,1,22,Homme,Maradi,Primaire,Urbain,18,45236,39,39,63129,56
436,1,25,Homme,Niamey,Technique,Rural,37,52232,55,55,86326,82
437,1,16,Femme,Tahoua,Secondaire,Urbain,27,63884,36,51,109116,56
438,1,21,Femme,Tahoua,Technique,Urbain,28,49663,58,53,75646,79
439,1,18,Femme,Maradi,Secondaire,Urbain,31,31501,30,51,65923,45
440,1,26,Homme,Maradi,Primaire,Urbain,32,44049,27,55,62871,46
441,1,26,Femme,Zinder,Technique,Rural,29,46291,25,43,67473,44
442,1,23,Femme,Maradi,Secondaire,Urbain,44,46971,44,66,80643,63
443,1,26,Femme,Niamey,Secondaire,Urbain,20,56813,37,39,72930,59
444,1,19,Homme,Tahoua,Primaire,Rural,37,43953,41,62,61079,62
445,1,25,Homme,Maradi,Technique,Urbain,14,35619,50,33,75682,51
446,1,20,Homme,Tahoua,Primaire,Rural,21,61711,54,39,73939,75
447,1,23,Femme,Maradi,Primaire,Rural,21,77943,35,33,109881,56
448,1,21,Homme,Zinder,Secondaire,Rural,18,41396,57,40,76420,74
449,1,21,Homme,Niamey,Secondaire,Rural,26,56281,39,47,92133,66
450,1,24,Homme,Niamey,Primaire,Urbain,30,57989,37,48,83903,53
451,1,18,Homme,Tahoua,Technique,Urbain,18,56041,26,37,83323,48
452,1,21,Femme,Tahoua,Secondaire,Rural,28,40125,30,45,68475,55
453,1,23,Homme,Niamey,Secondaire,Urbain,30,52974,39,48,81293,60
454,1,21,Homme,Zinder,Technique,Urbain,26,59725,42,48,84861,61
455,1,22,Femme,Tahoua,Technique,Urbain,19,80867,30,42,101631,43
456,1,21,Homme,Maradi,Secondaire,Urbain,16,49796,51,30,76968,77
457,1,27,Femme,Tahoua,Primaire,Urbain,18,45859,53,30,78214,68
458,1,24,Femme,Maradi,Technique,Urbain,29,33616,21,50,61024,47
459,1,31,Femme,Zinder,Primaire,Urbain,39,45161,33,51,70734,57
460,1,20,Femme,Maradi,Technique,Urbain,20,53472,47,38,78486,71
461,1,24,Homme,Niamey,Secondaire,Rural,37,52988,50,57,67107,68
462,1,28,Femme,Zinder,Primaire,Rural,17,34126,42,37,66318,48
463,1,23,Homme,Tahoua,Secondaire,Urbain,20,45057,39,40,72580,63
464,1,19,Homme,Tahoua,Technique,Rural,24,32005,41,42,60763,58
465,1,19,Femme,Maradi,Secondaire,Rural,22,49877,44,43,77327,58
466,1,22,Homme,Tahoua,Secondaire,Urbain,26,46090,42,50,71961,55
467,1,26,Femme,Zinder,Secondaire,Rural,32,59582,73,51,89853,90
468,1,24,Homme,Niamey,Technique,Urbain,33,46808,32,53,78974,50
469,1,16,Homme,Tahoua,Primaire,Urbain,31,57081,33,50,63023,59
470,1,20,Femme,Niamey,Technique,Urbain,13,52085,47,37,81962,69
471,1,22,Femme,Tahoua,Secondaire,Urbain,20,34811,51,45,69039,68
472,1,18,Femme,Zinder,Secondaire,Urbain,22,27104,41,37,48703,62
473,1,24,Homme,Tahoua,Secondaire,Urbain,31,44512,41,59,76333,67
474,1,15,Femme,Niamey,Secondaire,Rural,12,71344,39,35,108806,55
475,1,22,Homme,Zinder,Secondaire,Urbain,20,54159,52,37,90600,80
476,1,21,Homme,Niamey,Primaire,Urbain,30,51281,36,43,64553,52
477,1,21,Femme,Maradi,Primaire,Rural,33,52677,37,52,55063,56
478,1,21,Homme,Maradi,Secondaire,Rural,27,60475,52,55,86519,73
479,1,23,Homme,Maradi,Secondaire,Urbain,38,65260,52,57,94386,78
480,1,23,Femme,Maradi,Technique,Urbain,6,56571,37,21,85277,67
481,1,21,Femme,Niamey,Technique,Urbain,27,60502,36,47,92368,61
482,1,16,Femme,Zinder,Primaire,Urbain,24,57420,55,39,71151,64
483,1,18,Homme,Tahoua,Primaire,Urbain,17,61849,53,33,82800,68
484,1,18,Homme,Zinder,Primaire,Urbain,21,58886,52,38,90124,71
485,1,24,Homme,Zinder,Secondaire,Urbain,27,25808,33,52,44224,49
486,1,21,Homme,Niamey,Primaire,Rural,35,35980,26,49,69607,43
487,1,23,Homme,Maradi,Secondaire,Urbain,27,42130,50,41,70188,70
488,1,17,Femme,Niamey,Primaire,Rural,30,44754,41,58,86951,56
489,1,20,Homme,Niamey,Secondaire,Rural,18,68560,53,37,95554,70
490,1,24,Homme,Tahoua,Technique,Urbain,21,49678,27,40,74952,51
491,1,21,Femme,Niamey,Primaire,Urbain,25,57799,59,40,87474,60
492,1,22,Femme,Tahoua,Primaire,Rural,26,41745,37,42,54820,58
493,1,22,Femme,Zinder,Secondaire,Rural,29,47248,39,42,80278,54
494,1,26,Femme,Niamey,Primaire,Rural,24,42852,43,46,73541,65
495,1,20,Femme,Zinder,Technique,Urbain,31,43121,33,55,83791,49
496,1,24,Homme,Maradi,Primaire,Urbain,27,66473,42,46,105595,60
497,1,25,Homme,Tahoua,Secondaire,Urbain,14,48702,34,38,74958,58
498,1,18,Homme,Niamey,Technique,Urbain,28,49382,42,48,77799,68
499,1,22,Homme,Zinder,Primaire,Urbain,11,44497,31,28,64683,54
500,1,22,Femme,Tahoua,Secondaire,Rural,20,37812,32,32,74556,43
501,0,25,Homme,Tahoua,Secondaire,Rural,27,42570,48,31,52314,46
502,0,25,Femme,Zinder,Secondaire,Rural,15,30427,62,16,32197,56
503,0,22,Homme,Zinder,Technique,Rural,24,44766,37,16,40043,48
504,0,22,Homme,Zinder,Secondaire,Urbain,24,35952,33,28,22492,34
505,0,20,Femme,Niamey,Primaire,Rural,24,59269,50,37,74869,46
506,0,21,Homme,Niamey,Secondaire,Urbain,18,63122,37,16,76395,42
507,0,19,Homme,Tahoua,Secondaire,Rural,30,30955,47,31,19866,56
508,0,19,Femme,Niamey,Secondaire,Urbain,31,29473,24,39,41195,26
509,0,18,Homme,Zinder,Secondaire,Urbain,22,39180,45,33,37634,55
510,0,25,Femme,Zinder,Secondaire,Rural,28,44284,61,27,51421,63
511,0,25,Homme,Zinder,Primaire,Urbain,18,46537,42,18,45380,46
512,0,21,Femme,Niamey,Secondaire,Urbain,25,54575,53,19,70458,63
513,0,19,Femme,Niamey,Secondaire,Rural,31,32807,41,35,46524,40
514,0,22,Homme,Tahoua,Primaire,Rural,27,47957,50,37,60054,51
515,0,29,Homme,Niamey,Secondaire,Urbain,26,37333,36,29,36741,30
516,0,28,Homme,Tahoua,Secondaire,Urbain,36,37773,36,44,37991,39
517,0,17,Homme,Zinder,Secondaire,Rural,19,51589,44,23,55893,39
518,0,21,Femme,Tahoua,Secondaire,Rural,31,46489,45,36,45373,51
519,0,27,Femme,Tahoua,Primaire,Urbain,27,53515,53,35,47256,60
520,0,22,Homme,Maradi,Technique,Urbain,19,35116,49,25,36581,54
521,0,27,Femme,Zinder,Secondaire,Urbain,24,46041,33,18,40507,38
522,0,21,Homme,Niamey,Secondaire,Rural,22,42859,37,31,48483,52
523,0,24,Homme,Niamey,Technique,Rural,30,57284,38,33,56575,38
524,0,23,Homme,Zinder,Primaire,Rural,28,44665,46,43,45078,56
525,0,32,Femme,Zinder,Primaire,Rural,10,35437,26,26,25122,20
526,0,25,Femme,Niamey,Primaire,Urbain,38,53626,50,37,70290,61
527,0,18,Homme,Niamey,Secondaire,Rural,8,51304,40,21,53275,44
528,0,20,Femme,Maradi,Secondaire,Urbain,30,54785,41,34,55544,42
529,0,23,Homme,Zinder,Secondaire,Urbain,19,47047,48,20,59445,62
530,0,16,Homme,Maradi,Secondaire,Urbain,34,34948,39,38,29903,42
531,0,17,Homme,Tahoua,Primaire,Urbain,28,27175,33,34,24359,41
532,0,19,Homme,Tahoua,Secondaire,Urbain,36,58207,33,39,66963,41
533,0,21,Homme,Tahoua,Primaire,Urbain,24,56223,34,23,65794,35
534,0,26,Homme,Niamey,Secondaire,Urbain,6,45464,43,11,34755,48
535,0,21,Homme,Niamey,Secondaire,Rural,23,16262,26,21,20139,27
536,0,22,Femme,Tahoua,Secondaire,Rural,26,43845,27,29,48262,18
537,0,22,Homme,Zinder,Secondaire,Rural,35,54829,49,44,59218,48
538,0,20,Femme,Niamey,Secondaire,Urbain,16,39102,32,13,50633,22
539,0,26,Femme,Zinder,Secondaire,Urbain,23,48740,36,26,40551,39
540,0,19,Homme,Zinder,Technique,Urbain,21,32550,62,28,32382,68
541,0,21,Femme,Tahoua,Primaire,Urbain,37,51163,36,41,43027,41
542,0,21,Homme,Maradi,Secondaire,Urbain,12,29022,36,13,30381,31
543,0,24,Homme,Tahoua,Primaire,Rural,33,38379,45,32,31990,56
544,0,27,Femme,Tahoua,Secondaire,Urbain,34,59828,48,37,60860,49
545,0,24,Homme,Niamey,Technique,Urbain,24,42334,48,34,47557,43
546,0,26,Homme,Niamey,Secondaire,Urbain,32,62052,67,33,70038,68
547,0,24,Homme,Niamey,Primaire,Rural,29,49384,61,30,50977,70
548,0,20,Femme,Tahoua,Primaire,Urbain,19,59782,52,24,62912,61
549,0,22,Homme,Tahoua,Primaire,Urbain,19,44201,27,23,46778,34
550,0,26,Femme,Maradi,Primaire,Urbain,9,53173,37,21,52947,30
551,0,17,Femme,Tahoua,Technique,Rural,38,51399,19,50,54487,34
552,0,23,Femme,Maradi,Secondaire,Rural,35,40423,26,32,31026,38
553,0,22,Homme,Tahoua,Secondaire,Urbain,35,64152,42,41,55966,43
554,0,25,Homme,Niamey,Secondaire,Urbain,25,55686,45,31,56183,54
555,0,24,Femme,Maradi,Secondaire,Rural,20,35105,29,23,24104,23
556,0,23,Femme,Niamey,Primaire,Rural,12,59271,36,16,66879,40
557,0,26,Femme,Maradi,Primaire,Urbain,20,39246,56,28,31205,69
558,0,17,Homme,Tahoua,Secondaire,Urbain,18,13583,40,25,15765,47
559,0,25,Femme,Niamey,Primaire,Rural,14,42338,52,12,44501,65
560,0,17,Femme,Maradi,Primaire,Rural,27,33880,45,36,51530,34
561,0,24,Homme,Tahoua,Secondaire,Urbain,21,40106,37,32,35361,41
562,0,22,Homme,Niamey,Technique,Rural,29,37772,32,35,30647,41
563,0,25,Homme,Niamey,Primaire,Urbain,19,15674,45,9,31685,47
564,0,22,Homme,Maradi,Primaire,Rural,41,38964,34,51,27657,40
565,0,17,Femme,Zinder,Secondaire,Urbain,46,56554,39,42,56164,43
566,0,16,Femme,Niamey,Primaire,Urbain,37,24781,43,48,35917,50
567,0,24,Femme,Maradi,Secondaire,Urbain,24,62407,39,27,65361,43
568,0,22,Femme,Niamey,Primaire,Rural,30,63354,30,29,67464,34
569,0,20,Homme,Tahoua,Technique,Urbain,14,33636,29,9,46823,31
570,0,21,Homme,Tahoua,Secondaire,Urbain,14,72536,43,22,79954,46
571,0,20,Homme,Niamey,Technique,Rural,21,31807,46,22,24384,51
572,0,22,Homme,Zinder,Secondaire,Urbain,39,46724,43,41,51126,41
573,0,19,Femme,Tahoua,Secondaire,Rural,23,40267,45,27,36875,47
574,0,16,Femme,Maradi,Primaire,Urbain,32,60114,29,34,68662,36
575,0,21,Homme,Zinder,Technique,Urbain,25,29958,37,22,34046,38
576,0,25,Homme,Maradi,Secondaire,Rural,22,39457,48,13,42471,53
577,0,28,Femme,Maradi,Secondaire,Urbain,27,27139,54,34,14949,73
578,0,22,Homme,Niamey,Secondaire,Urbain,24,55059,31,32,62503,39
579,0,22,Homme,Maradi,Technique,Urbain,37,51869,23,39,57342,18
580,0,25,Homme,Niamey,Secondaire,Urbain,14,43451,41,14,34172,47
581,0,22,Femme,Maradi,Technique,Rural,26,35352,44,34,32453,53
582,0,21,Femme,Niamey,Secondaire,Rural,25,33321,49,24,31854,41
583,0,17,Homme,Maradi,Technique,Rural,24,46100,55,30,53992,59
584,0,18,Femme,Niamey,Technique,Rural,20,28217,39,16,18669,44
585,0,23,Homme,Maradi,Technique,Urbain,31,69687,27,39,62464,45
586,0,18,Femme,Zinder,Technique,Rural,13,31776,24,17,38139,37
587,0,25,Femme,Maradi,Secondaire,Urbain,31,44111,23,34,47307,19
588,0,18,Femme,Zinder,Secondaire,Rural,7,37801,40,9,38056,44
589,0,21,Homme,Maradi,Secondaire,Urbain,37,41889,44,46,47055,47
590,0,22,Femme,Niamey,Primaire,Rural,31,44039,34,40,45026,33
591,0,22,Femme,Niamey,Technique,Rural,25,51493,53,34,39954,61
592,0,22,Femme,Tahoua,Secondaire,Rural,6,35074,46,21,28497,51
593,0,24,Homme,Zinder,Secondaire,Urbain,24,33343,38,24,40233,33
594,0,22,Homme,Tahoua,Secondaire,Urbain,19,54455,47,17,48165,39
595,0,21,Femme,Niamey,Secondaire,Urbain,34,69139,45,47,83710,49
596,0,22,Homme,Tahoua,Secondaire,Urbain,12,53629,37,16,68491,55
597,0,21,Femme,Niamey,Secondaire,Rural,12,50333,45,21,41566,42
598,0,27,Homme,Zinder,Primaire,Rural,23,47266,53,27,58666,61
599,0,15,Femme,Tahoua,Technique,Urbain,25,45926,48,21,50002,48
600,0,25,Femme,Niamey,Primaire,Rural,20,21855,46,28,26881,44
601,0,21,Homme,Zinder,Primaire,Urbain,24,51869,35,30,55511,39
602,0,23,Homme,Maradi,Primaire,Urbain,23,38951,42,20,44832,56
603,0,25,Homme,Zinder,Technique,Urbain,21,48579,29,22,48386,32
604,0,25,Homme,Tahoua,Secondaire,Rural,20,63032,44,21,61479,49
605,0,20,Femme,Zinder,Secondaire,Urbain,24,43337,36,27,60300,26
606,0,27,Homme,Zinder,Primaire,Urbain,33,51973,32,33,47983,33
607,0,17,Femme,Maradi,Primaire,Rural,40,36479,31,40,33869,43
608,0,25,Homme,Tahoua,Primaire,Urbain,33,61885,41,37,55948,41
609,0,20,Homme,Zinder,Secondaire,Urbain,25,62142,38,28,67386,39
610,0,16,Femme,Tahoua,Technique,Urbain,15,54269,31,7,52244,30
611,0,16,Homme,Maradi,Primaire,Rural,32,54573,41,31,58307,36
612,0,23,Homme,Maradi,Secondaire,Urbain,37,48559,57,38,54048,60
613,0,29,Femme,Tahoua,Secondaire,Rural,24,49528,57,30,72285,56
614,0,23,Femme,Tahoua,Primaire,Urbain,23,51007,33,29,43701,40
615,0,25,Homme,Niamey,Primaire,Urbain,35,42958,33,36,55634,30
616,0,25,Femme,Zinder,Primaire,Urbain,26,38384,41,25,42401,39
617,0,20,Homme,Zinder,Secondaire,Rural,43,41357,37,44,34604,39
618,0,25,Homme,Maradi,Secondaire,Urbain,25,51354,58,27,69933,66
619,0,23,Homme,Tahoua,Technique,Urbain,12,40374,45,14,54477,49
620,0,23,Homme,Tahoua,Secondaire,Urbain,33,21883,46,35,28901,56
621,0,25,Femme,Maradi,Primaire,Rural,28,53872,46,30,71699,48
622,0,24,Homme,Zinder,Primaire,Urbain,23,47828,37,14,53540,36
623,0,20,Femme,Zinder,Secondaire,Rural,15,36886,48,25,37557,41
624,0,23,Homme,Tahoua,Technique,Rural,32,42187,26,29,53015,34
625,0,19,Femme,Maradi,Secondaire,Rural,30,49858,40,27,63025,52
626,0,24,Homme,Maradi,Primaire,Urbain,27,64743,53,29,53117,56
627,0,21,Homme,Tahoua,Secondaire,Urbain,37,57853,22,43,63932,29
628,0,23,Femme,Niamey,Technique,Rural,16,37724,30,17,49301,30
629,0,23,Homme,Niamey,Secondaire,Urbain,27,74585,29,33,81927,33
630,0,21,Homme,Maradi,Technique,Urbain,23,60565,47,24,61207,58
631,0,23,Homme,Niamey,Technique,Urbain,29,50867,40,31,49434,43
632,0,24,Homme,Niamey,Technique,Urbain,29,49555,37,28,49849,35
633,0,21,Homme,Tahoua,Primaire,Urbain,24,39061,47,25,43538,46
634,0,26,Femme,Maradi,Primaire,Rural,13,51505,22,7,51958,15
635,0,26,Femme,Niamey,Secondaire,Urbain,25,52978,49,26,56779,46
636,0,20,Femme,Zinder,Primaire,Rural,37,43537,35,30,51295,33
637,0,20,Femme,Tahoua,Primaire,Rural,9,50543,44,13,59515,53
638,0,24,Femme,Niamey,Secondaire,Urbain,21,34636,50,38,36439,49
639,0,19,Homme,Zinder,Primaire,Urbain,29,59065,33,22,54482,41
640,0,21,Femme,Maradi,Secondaire,Rural,16,43922,57,12,46255,66
641,0,24,Homme,Maradi,Primaire,Rural,17,23065,38,19,26836,47
642,0,20,Homme,Zinder,Technique,Urbain,17,39538,48,16,25937,52
643,0,16,Femme,Zinder,Secondaire,Rural,19,48268,24,23,36058,41
644,0,24,Homme,Tahoua,Primaire,Urbain,28,52291,31,40,52986,38
645,0,17,Homme,Niamey,Technique,Rural,41,31131,39,51,27811,53
646,0,18,Homme,Maradi,Secondaire,Urbain,29,45683,49,29,44898,60
647,0,13,Femme,Niamey,Technique,Rural,19,43789,41,28,41360,53
648,0,24,Femme,Niamey,Secondaire,Urbain,21,39283,26,28,25069,23
649,0,23,Homme,Tahoua,Secondaire,Urbain,16,33599,46,22,34383,44
650,0,23,Homme,Maradi,Secondaire,Rural,19,28689,42,18,28255,46
651,0,25,Homme,Maradi,Technique,Urbain,19,47729,50,26,48043,52
652,0,22,Homme,Maradi,Secondaire,Urbain,36,31696,39,42,28635,44
653,0,19,Homme,Tahoua,Secondaire,Urbain,30,35495,62,40,49643,57
654,0,24,Femme,Zinder,Secondaire,Urbain,11,54310,29,10,54005,35
655,0,26,Femme,Zinder,Primaire,Urbain,32,38820,46,35,36251,48
656,0,17,Femme,Niamey,Primaire,Urbain,35,48722,56,34,52526,56
657,0,20,Homme,Zinder,Technique,Urbain,23,57323,35,17,61561,33
658,0,21,Homme,Niamey,Technique,Rural,36,47492,46,37,53763,47
659,0,18,Femme,Zinder,Primaire,Urbain,28,45934,44,33,35179,56
660,0,24,Femme,Zinder,Primaire,Rural,30,37782,36,35,47895,43
661,0,20,Femme,Zinder,Secondaire,Rural,22,35826,57,17,37695,57
662,0,26,Homme,Tahoua,Technique,Urbain,37,34618,37,46,39120,41
663,0,22,Homme,Maradi,Primaire,Urbain,25,49256,32,33,49219,45
664,0,24,Femme,Zinder,Primaire,Urbain,23,22654,21,22,22022,17
665,0,27,Homme,Zinder,Technique,Urbain,29,50035,49,35,56001,59
666,0,23,Homme,Tahoua,Secondaire,Rural,24,30877,28,18,36159,34
667,0,25,Femme,Zinder,Technique,Urbain,23,47054,46,21,49213,45
668,0,23,Homme,Zinder,Technique,Urbain,31,60193,44,38,67837,39
669,0,17,Homme,Tahoua,Primaire,Urbain,23,51183,16,24,63488,29
670,0,22,Homme,Niamey,Secondaire,Urbain,22,41734,41,21,37361,35
671,0,24,Homme,Niamey,Secondaire,Rural,21,48777,41,25,48222,41
672,0,23,Homme,Niamey,Secondaire,Urbain,14,25120,48,12,26842,52
673,0,21,Homme,Niamey,Technique,Rural,38,38368,31,33,31211,29
674,0,18,Homme,Tahoua,Primaire,Urbain,20,41776,53,24,52024,61
675,0,24,Homme,Tahoua,Primaire,Urbain,22,12829,50,24,15385,58
676,0,19,Femme,Maradi,Secondaire,Urbain,26,66181,64,28,59643,65
677,0,18,Femme,Zinder,Primaire,Urbain,20,48943,55,27,53591,61
678,0,24,Homme,Niamey,Secondaire,Urbain,9,57576,32,10,58766,42
679,0,18,Homme,Zinder,Technique,Urbain,29,44751,41,31,43671,42
680,0,23,Femme,Tahoua,Primaire,Urbain,29,50806,35,25,47866,39
681,0,22,Homme,Maradi,Secondaire,Urbain,23,67896,25,17,86008,31
682,0,18,Femme,Niamey,Secondaire,Urbain,21,45325,21,22,58194,18
683,0,26,Femme,Maradi,Secondaire,Urbain,19,48739,40,15,47202,41
684,0,20,Femme,Zinder,Primaire,Urbain,41,51538,28,44,56564,35
685,0,26,Homme,Niamey,Secondaire,Rural,23,49570,43,24,54016,46
686,0,21,Femme,Maradi,Primaire,Urbain,25,52693,48,34,61643,43
687,0,20,Homme,Zinder,Primaire,Urbain,26,42169,52,27,41310,57
688,0,22,Homme,Niamey,Primaire,Urbain,23,41259,37,24,57756,46
689,0,21,Femme,Maradi,Secondaire,Urbain,44,31121,51,44,39777,55
690,0,21,Femme,Niamey,Primaire,Rural,25,40989,51,27,49004,62
691,0,19,Homme,Maradi,Secondaire,Rural,16,39999,44,17,39577,47
692,0,18,Homme,Zinder,Primaire,Urbain,28,38085,35,34,49201,35
693,0,24,Homme,Niamey,Primaire,Rural,34,51084,50,30,59620,53
694,0,20,Homme,Niamey,Primaire,Rural,17,48530,21,21,56561,32
695,0,18,Homme,Zinder,Primaire,Urbain,38,31999,53,40,29090,53
696,0,20,Homme,Maradi,Technique,Urbain,27,39908,52,39,45518,60
697,0,20,Femme,Niamey,Primaire,Urbain,24,48071,39,19,49944,49
698,0,15,Homme,Maradi,Secondaire,Rural,32,49181,43,29,52647,63
699,0,21,Homme,Tahoua,Secondaire,Rural,14,46370,23,16,50220,13
700,0,23,Femme,Maradi,Primaire,Urbain,37,37725,33,44,30446,33
701,0,23,Homme,Niamey,Primaire,Urbain,20,65110,35,25,70262,40
702,0,23,Femme,Zinder,Secondaire,Rural,18,50500,59,18,42906,59
703,0,19,Homme,Niamey,Secondaire,Rural,21,37692,25,24,42430,37
704,0,21,Homme,Niamey,Primaire,Urbain,25,59927,30,18,75611,43
705,0,19,Femme,Niamey,Primaire,Urbain,17,39993,43,22,52328,47
706,0,20,Femme,Maradi,Secondaire,Rural,5,65269,43,14,71270,44
707,0,18,Homme,Zinder,Technique,Rural,26,45360,38,29,39868,48
708,0,19,Homme,Tahoua,Secondaire,Rural,32,32335,40,33,31191,33
709,0,24,Femme,Maradi,Technique,Urbain,23,50306,48,20,53527,50
710,0,21,Femme,Maradi,Primaire,Urbain,28,59814,37,28,57468,41
711,0,21,Femme,Maradi,Secondaire,Urbain,31,35318,51,41,38801,68
712,0,27,Homme,Niamey,Secondaire,Urbain,17,32549,48,18,27798,43
713,0,22,Homme,Maradi,Secondaire,Urbain,39,48376,57,39,55603,61
714,0,20,Homme,Zinder,Secondaire,Rural,18,22943,37,28,24976,34
715,0,24,Homme,Zinder,Secondaire,Rural,25,41064,30,19,38259,29
716,0,21,Femme,Zinder,Primaire,Rural,40,38096,42,41,35208,47
717,0,26,Homme,Zinder,Primaire,Urbain,27,52916,49,30,52708,56
718,0,21,Homme,Zinder,Primaire,Rural,25,22879,54,25,27595,56
719,0,20,Femme,Niamey,Secondaire,Urbain,16,26725,59,16,30893,69
720,0,18,Homme,Niamey,Secondaire,Urbain,16,41812,20,21,43748,23
721,0,23,Homme,Tahoua,Secondaire,Rural,21,34306,36,27,30535,34
722,0,26,Homme,Niamey,Secondaire,Urbain,22,49499,53,26,62389,62
723,0,21,Femme,Maradi,Secondaire,Urbain,38,41757,30,41,46959,26
724,0,23,Femme,Niamey,Primaire,Rural,20,38146,36,19,37308,36
725,0,23,Femme,Niamey,Technique,Urbain,16,62410,28,22,64416,27
726,0,26,Homme,Niamey,Secondaire,Urbain,31,20155,32,29,27257,33
727,0,24,Homme,Maradi,Secondaire,Urbain,26,73742,33,28,62369,44
728,0,19,Femme,Tahoua,Secondaire,Rural,26,47763,32,31,40784,46
729,0,20,Homme,Niamey,Secondaire,Urbain,37,36277,46,35,31789,50
730,0,20,Femme,Zinder,Secondaire,Rural,33,31747,19,37,41613,29
731,0,22,Homme,Tahoua,Secondaire,Rural,34,32205,40,36,33615,50
732,0,22,Femme,Maradi,Technique,Urbain,23,53586,55,30,61979,52
733,0,23,Homme,Maradi,Technique,Urbain,24,57192,26,35,56715,30
734,0,20,Femme,Niamey,Secondaire,Rural,24,36612,45,20,49658,55
735,0,21,Homme,Tahoua,Secondaire,Rural,18,58419,28,25,70395,31
736,0,24,Femme,Tahoua,Primaire,Rural,15,47712,37,18,53375,39
737,0,22,Homme,Tahoua,Technique,Urbain,28,37489,42,31,30414,36
738,0,20,Femme,Zinder,Primaire,Urbain,24,60971,50,32,62101,50
739,0,25,Homme,Tahoua,Primaire,Urbain,25,54062,42,31,46125,52
740,0,22,Homme,Niamey,Primaire,Urbain,34,30115,33,37,20509,43
741,0,19,Femme,Tahoua,Secondaire,Urbain,19,55100,48,21,51441,53
742,0,27,Homme,Maradi,Technique,Urbain,41,61045,24,42,70932,27
743,0,18,Homme,Zinder,Secondaire,Rural,21,42448,47,24,54560,47
744,0,17,Femme,Zinder,Secondaire,Rural,31,37901,30,30,42835,34
745,0,15,Homme,Niamey,Secondaire,Rural,16,54588,28,25,62881,28
746,0,24,Femme,Zinder,Secondaire,Rural,27,63589,41,33,60513,41
747,0,20,Femme,Niamey,Technique,Urbain,19,39601,20,25,41135,19
748,0,21,Homme,Tahoua,Technique,Urbain,19,50245,33,23,43255,47
749,0,23,Homme,Maradi,Primaire,Urbain,15,66714,32,19,68340,32
750,0,21,Femme,Maradi,Secondaire,Urbain,25,42087,29,29,62928,33
751,0,17,Homme,Maradi,Primaire,Urbain,31,40658,42,40,45995,50
752,0,16,Homme,Niamey,Secondaire,Urbain,24,36931,41,25,40987,35
753,0,21,Homme,Zinder,Secondaire,Urbain,23,32008,45,21,46819,48
754,0,23,Femme,Zinder,Secondaire,Rural,22,28725,57,28,46320,63
755,0,15,Femme,Maradi,Secondaire,Rural,31,52119,38,38,55601,35
756,0,23,Homme,Maradi,Primaire,Rural,33,41496,60,29,51869,58
757,0,23,Femme,Zinder,Technique,Rural,7,28033,22,14,25291,34
758,0,26,Homme,Zinder,Primaire,Urbain,21,51153,23,22,36947,43
759,0,22,Homme,Niamey,Secondaire,Urbain,32,37746,30,34,39938,38
760,0,23,Homme,Niamey,Secondaire,Rural,37,24439,37,43,22976,31
761,0,24,Femme,Tahoua,Secondaire,Rural,30,37002,39,33,48643,45
762,0,22,Homme,Niamey,Secondaire,Rural,24,32168,56,35,42943,60
763,0,22,Homme,Zinder,Primaire,Urbain,30,44039,35,38,51079,34
764,0,22,Homme,Niamey,Secondaire,Rural,27,53979,50,23,61243,54
765,0,24,Homme,Tahoua,Primaire,Rural,29,56907,42,33,63314,54
766,0,21,Homme,Zinder,Secondaire,Urbain,29,50844,49,33,55008,47
767,0,21,Femme,Niamey,Secondaire,Urbain,37,35717,51,37,37960,54
768,0,19,Femme,Tahoua,Primaire,Urbain,28,50811,22,41,50227,24
769,0,19,Femme,Tahoua,Technique,Urbain,22,32044,46,13,33567,50
770,0,23,Femme,Zinder,Secondaire,Rural,33,53517,35,31,54820,23
771,0,27,Homme,Tahoua,Secondaire,Rural,19,43032,35,26,42903,43
772,0,19,Femme,Maradi,Primaire,Urbain,23,40123,29,20,45870,34
773,0,21,Homme,Maradi,Technique,Rural,6,52353,36,3,58882,39
774,0,19,Homme,Niamey,Technique,Urbain,27,49259,27,25,71848,30
775,0,25,Homme,Niamey,Primaire,Rural,30,21918,32,31,28973,34
776,0,21,Femme,Tahoua,Technique,Rural,11,21164,40,10,27205,42
777,0,23,Homme,Maradi,Secondaire,Urbain,45,69779,37,50,75909,47
778,0,23,Femme,Tahoua,Primaire,Urbain,18,47235,47,13,40096,48
779,0,19,Homme,Tahoua,Primaire,Rural,15,61226,17,28,63069,20
780,0,22,Femme,Zinder,Secondaire,Urbain,22,62086,48,27,59627,47
781,0,21,Femme,Zinder,Primaire,Urbain,27,44179,45,30,38637,48
782,0,24,Homme,Niamey,Technique,Rural,21,29374,27,18,20151,21
783,0,18,Homme,Niamey,Secondaire,Rural,29,27887,35,36,37318,57
784,0,18,Homme,Tahoua,Technique,Urbain,18,16094,37,21,23406,34
785,0,24,Femme,Maradi,Secondaire,Rural,31,63879,40,32,66660,46
786,0,20,Femme,Tahoua,Secondaire,Urbain,26,44117,29,28,33082,43
787,0,20,Homme,Tahoua,Secondaire,Rural,40,55472,28,40,55517,37
788,0,22,Homme,Maradi,Technique,Rural,28,42541,58,24,48629,63
789,0,21,Femme,Zinder,Secondaire,Urbain,25,60134,31,30,64766,33
790,0,28,Homme,Tahoua,Primaire,Rural,26,48579,32,38,43724,34
791,0,23,Homme,Tahoua,Primaire,Urbain,29,48711,40,34,60591,42
792,0,22,Femme,Zinder,Secondaire,Rural,19,41727,50,18,31208,44
793,0,25,Homme,Maradi,Primaire,Urbain,17,43944,30,9,47869,32
794,0,22,Homme,Maradi,Secondaire,Urbain,32,56111,43,40,56144,42
795,0,22,Femme,Maradi,Secondaire,Rural,26,12594,52,23,9052,44
796,0,19,Homme,Niamey,Technique,Urbain,13,34734,42,17,25404,44
797,0,15,Femme,Tahoua,Secondaire,Urbain,17,31752,38,22,40220,36
798,0,18,Homme,Zinder,Technique,Rural,26,40281,43,31,39147,41
799,0,22,Homme,Niamey,Primaire,Urbain,34,32937,41,40,29503,43
800,0,19,Homme,Tahoua,Primaire,Rural,27,53186,30,33,44758,24
801,0,24,Femme,Zinder,Technique,Urbain,25,60281,43,22,74175,39
802,0,24,Femme,Tahoua,Secondaire,Urbain,21,56125,31,17,63576,30
803,0,23,Homme,Niamey,Secondaire,Rural,19,58026,59,12,63493,58
804,0,21,Femme,Tahoua,Secondaire,Urbain,20,55210,31,22,59258,41
805,0,18,Homme,Zinder,Primaire,Rural,29,55395,56,37,55815,53
806,0,21,Homme,Tahoua,Secondaire,Urbain,20,33184,44,28,34091,42
807,0,21,Homme,Tahoua,Secondaire,Urbain,26,23552,46,25,34433,51
808,0,24,Homme,Maradi,Secondaire,Rural,23,70764,40,25,67225,45
809,0,26,Homme,Maradi,Secondaire,Urbain,26,37694,26,21,56675,36
810,0,24,Homme,Maradi,Primaire,Rural,33,65185,40,27,61586,44
811,0,19,Femme,Zinder,Primaire,Urbain,31,25560,38,29,39725,41
812,0,27,Homme,Maradi,Primaire,Urbain,25,43130,64,31,41554,72
813,0,25,Homme,Maradi,Secondaire,Urbain,17,43438,44,18,50536,45
814,0,23,Femme,Niamey,Secondaire,Urbain,30,47015,39,39,41853,53
815,0,15,Homme,Tahoua,Secondaire,Rural,26,33552,41,31,32808,40
816,0,19,Homme,Niamey,Secondaire,Urbain,17,41168,61,30,35092,60
817,0,22,Femme,Niamey,Secondaire,Urbain,33,54730,24,30,56044,23
818,0,24,Femme,Zinder,Primaire,Urbain,32,44309,39,27,52146,43
819,0,18,Homme,Niamey,Primaire,Urbain,19,38181,42,25,52171,50
820,0,32,Femme,Tahoua,Primaire,Rural,46,39432,43,47,29197,47
821,0,14,Homme,Niamey,Secondaire,Urbain,-0,74955,54,-3,84645,51
822,0,21,Femme,Zinder,Secondaire,Urbain,30,36822,33,25,49969,41
823,0,21,Homme,Maradi,Secondaire,Rural,21,52668,20,20,56475,34
824,0,20,Homme,Maradi,Primaire,Rural,27,60400,35,30,58170,42
825,0,21,Femme,Maradi,Primaire,Urbain,17,32170,32,24,41105,29
826,0,24,Femme,Tahoua,Secondaire,Urbain,23,40605,21,29,51377,31
827,0,19,Homme,Niamey,Primaire,Urbain,20,49980,42,23,55544,37
828,0,16,Homme,Zinder,Secondaire,Urbain,29,59581,41,32,69271,45
829,0,22,Homme,Maradi,Primaire,Rural,29,58642,31,30,57917,32
830,0,22,Homme,Tahoua,Technique,Urbain,31,44199,61,34,63966,70
831,0,22,Femme,Maradi,Secondaire,Urbain,28,49371,55,35,38938,63
832,0,24,Homme,Zinder,Primaire,Rural,24,47337,34,22,47745,33
833,0,22,Homme,Zinder,Primaire,Urbain,24,48179,53,21,47946,44
834,0,24,Homme,Tahoua,Technique,Rural,40,42730,28,39,36233,36
835,0,16,Femme,Tahoua,Primaire,Urbain,32,22710,41,34,28236,42
836,0,19,Femme,Maradi,Secondaire,Urbain,25,41730,63,28,36553,64
837,0,23,Femme,Maradi,Secondaire,Rural,37,48457,49,43,54086,50
838,0,21,Femme,Zinder,Secondaire,Urbain,29,49577,36,26,53363,50
839,0,25,Femme,Zinder,Primaire,Urbain,24,44643,18,26,46882,15
840,0,19,Homme,Maradi,Secondaire,Urbain,17,49906,47,16,47092,46
841,0,24,Femme,Tahoua,Technique,Urbain,28,42052,32,26,46319,33
842,0,20,Homme,Zinder,Technique,Urbain,29,24242,57,42,29381,54
843,0,19,Homme,Zinder,Primaire,Rural,20,42752,53,20,47177,57
844,0,21,Femme,Tahoua,Primaire,Rural,17,43439,44,23,47511,46
845,0,22,Homme,Maradi,Primaire,Urbain,14,16470,54,9,20612,55
846,0,18,Femme,Zinder,Technique,Rural,18,55948,25,25,58646,32
847,0,20,Homme,Tahoua,Technique,Urbain,34,31739,62,28,24032,70
848,0,18,Homme,Zinder,Secondaire,Urbain,29,52350,56,42,40726,59
849,0,25,Homme,Niamey,Technique,Urbain,18,47908,52,19,57826,56
850,0,24,Femme,Zinder,Secondaire,Urbain,12,33343,45,15,30653,42
851,0,19,Homme,Maradi,Secondaire,Urbain,3,47902,32,12,48932,38
852,0,24,Femme,Tahoua,Primaire,Rural,18,60309,35,26,61095,38
853,0,21,Homme,Maradi,Secondaire,Urbain,29,47205,36,27,63754,38
854,0,19,Femme,Zinder,Primaire,Urbain,15,41541,54,14,55757,54
855,0,23,Homme,Tahoua,Secondaire,Urbain,27,45479,21,34,46445,27
856,0,21,Homme,Zinder,Secondaire,Urbain,39,41204,37,39,41553,47
857,0,25,Homme,Maradi,Technique,Rural,8,25978,46,8,18389,53
858,0,21,Femme,Niamey,Technique,Urbain,24,46930,23,25,56701,26
859,0,26,Homme,Zinder,Primaire,Rural,17,33909,35,7,17248,42
860,0,20,Femme,Maradi,Primaire,Urbain,33,26077,56,40,26181,58
861,0,23,Homme,Zinder,Technique,Rural,25,21670,42,29,26079,46
862,0,23,Homme,Tahoua,Primaire,Urbain,28,40456,51,32,36203,62
863,0,23,Homme,Tahoua,Primaire,Rural,26,52612,39,35,65503,31
864,0,23,Femme,Niamey,Secondaire,Rural,27,26750,49,22,31334,55
865,0,22,Femme,Zinder,Secondaire,Urbain,28,36163,46,37,53945,52
866,0,22,Femme,Zinder,Technique,Urbain,17,50375,51,23,77655,57
867,0,26,Femme,Maradi,Secondaire,Urbain,35,29545,40,48,29710,36
868,0,25,Homme,Niamey,Primaire,Urbain,37,63054,30,43,59659,44
869,0,20,Femme,Zinder,Secondaire,Rural,24,35241,26,22,56472,41
870,0,26,Femme,Niamey,Secondaire,Rural,24,39379,48,18,25766,48
871,0,22,Femme,Tahoua,Technique,Urbain,10,59484,36,9,64751,40
872,0,20,Femme,Niamey,Primaire,Urbain,26,51504,32,29,58950,34
873,0,23,Homme,Maradi,Primaire,Urbain,7,55266,47,4,72395,50
874,0,22,Homme,Zinder,Secondaire,Urbain,23,31202,44,20,28544,46
875,0,22,Femme,Tahoua,Primaire,Urbain,13,57760,28,21,52185,38
876,0,19,Homme,Niamey,Secondaire,Urbain,19,44908,23,23,48917,35
877,0,20,Femme,Niamey,Primaire,Urbain,24,50795,25,27,60037,25
878,0,26,Femme,Maradi,Secondaire,Urbain,29,45308,55,29,59246,66
879,0,25,Homme,Niamey,Technique,Urbain,36,42866,45,42,58420,50
880,0,19,Homme,Zinder,Secondaire,Rural,22,70383,37,38,70038,39
881,0,19,Femme,Maradi,Primaire,Urbain,23,28893,45,11,19432,49
882,0,27,Homme,Tahoua,Primaire,Urbain,23,62150,39,24,72756,46
883,0,28,Femme,Maradi,Primaire,Urbain,21,40957,25,27,40595,29
884,0,20,Homme,Zinder,Secondaire,Urbain,23,36143,49,26,28919,68
885,0,18,Femme,Maradi,Primaire,Urbain,31,53308,49,36,62611,55
886,0,30,Homme,Zinder,Secondaire,Urbain,39,40050,27,35,49618,22
887,0,23,Homme,Tahoua,Primaire,Urbain,38,55951,54,40,56363,55
888,0,23,Homme,Maradi,Secondaire,Urbain,24,33502,39,19,14222,41
889,0,22,Femme,Niamey,Secondaire,Urbain,30,32136,32,32,35029,32
890,0,26,Homme,Maradi,Secondaire,Urbain,20,60276,72,22,65746,71
891,0,21,Homme,Maradi,Technique,Rural,13,53891,38,17,54199,42
892,0,26,Homme,Tahoua,Secondaire,Rural,29,42987,23,37,50431,33
893,0,21,Homme,Tahoua,Primaire,Rural,28,51045,41,27,60163,29
894,0,24,Homme,Niamey,Primaire,Urbain,38,45654,46,49,49313,53
895,0,19,Homme,Zinder,Secondaire,Urbain,24,45923,51,36,54146,61
896,0,23,Femme,Tahoua,Secondaire,Urbain,11,39150,44,9,35131,52
897,0,26,Homme,Niamey,Secondaire,Urbain,27,48239,39,26,35279,38
898,0,22,Homme,Zinder,Primaire,Urbain,13,43562,34,14,36050,29
899,0,26,Femme,Maradi,Technique,Urbain,16,60321,46,17,56182,59
900,0,30,Femme,Tahoua,Primaire,Urbain,21,24795,33,31,15062,43
901,0,25,Homme,Zinder,Secondaire,Urbain,21,52930,49,32,71778,40
902,0,21,Homme,Tahoua,Technique,Urbain,14,38297,36,21,34964,31
903,0,22,Homme,Maradi,Secondaire,Urbain,33,38446,19,30,42377,17
904,0,21,Femme,Niamey,Primaire,Urbain,27,44398,48,29,42774,44
905,0,29,Femme,Niamey,Secondaire,Urbain,18,61683,37,18,77931,53
906,0,13,Femme,Niamey,Technique,Rural,18,27902,40,33,32068,52
907,0,22,Homme,Tahoua,Secondaire,Rural,15,34108,56,19,50744,62
908,0,22,Homme,Tahoua,Technique,Rural,28,42346,38,37,36730,44
909,0,23,Femme,Zinder,Primaire,Rural,32,47072,42,30,54321,44
910,0,17,Homme,Zinder,Primaire,Urbain,21,47321,41,32,39031,40
911,0,23,Homme,Zinder,Technique,Urbain,33,68624,55,41,71224,59
912,0,23,Femme,Zinder,Secondaire,Urbain,22,47710,37,26,40972,55
913,0,26,Homme,Niamey,Primaire,Urbain,27,44170,32,32,45370,28
914,0,24,Femme,Maradi,Secondaire,Urbain,34,47154,33,32,54096,44
915,0,25,Homme,Zinder,Secondaire,Urbain,19,34211,19,19,48775,31
916,0,19,Femme,Maradi,Primaire,Rural,26,53843,21,28,49269,24
917,0,22,Homme,Tahoua,Secondaire,Rural,29,36057,53,36,45618,60
918,0,23,Femme,Tahoua,Primaire,Urbain,22,33859,39,28,43791,40
919,0,23,Femme,Niamey,Secondaire,Urbain,26,50150,41,31,46583,36
920,0,20,Homme,Niamey,Primaire,Urbain,28,51726,42,25,81436,52
921,0,26,Homme,Zinder,Secondaire,Urbain,34,26074,52,34,25439,59
922,0,20,Femme,Niamey,Secondaire,Urbain,32,61133,37,30,61740,45
923,0,17,Homme,Niamey,Secondaire,Rural,22,20716,38,23,25128,52
924,0,23,Homme,Tahoua,Technique,Rural,30,57205,49,26,37127,51
925,0,24,Homme,Tahoua,Secondaire,Urbain,37,45800,51,34,61644,58
926,0,25,Homme,Niamey,Secondaire,Rural,20,59124,50,22,67466,57
927,0,19,Homme,Niamey,Secondaire,Urbain,36,51866,28,28,53674,36
928,0,21,Femme,Maradi,Primaire,Urbain,14,62749,42,16,80521,47
929,0,18,Homme,Niamey,Secondaire,Urbain,18,44987,36,18,53724,41
930,0,25,Homme,Zinder,Secondaire,Rural,26,55259,35,29,60679,33
931,0,23,Homme,Zinder,Technique,Rural,11,31745,43,3,24400,40
932,0,25,Femme,Maradi,Technique,Rural,28,43702,55,33,59078,66
933,0,24,Femme,Tahoua,Primaire,Rural,8,61908,23,18,64925,22
934,0,20,Femme,Tahoua,Technique,Urbain,19,53497,32,13,58539,37
935,0,23,Homme,Niamey,Secondaire,Urbain,17,27123,40,13,46316,38
936,0,16,Homme,Tahoua,Primaire,Urbain,32,37793,36,43,44606,42
937,0,24,Homme,Maradi,Secondaire,Urbain,16,46536,49,20,50518,66
938,0,25,Homme,Zinder,Secondaire,Urbain,35,34572,38,36,29232,33
939,0,19,Homme,Zinder,Secondaire,Rural,19,35754,35,28,37665,44
940,0,16,Femme,Niamey,Secondaire,Rural,22,65324,54,18,63288,52
941,0,17,Femme,Zinder,Primaire,Urbain,18,32115,49,27,29964,61
942,0,19,Homme,Tahoua,Primaire,Urbain,34,47616,30,30,48413,33
943,0,26,Homme,Niamey,Primaire,Rural,14,55119,22,26,64119,16
944,0,22,Homme,Maradi,Technique,Urbain,31,47483,42,32,60711,40
945,0,18,Homme,Tahoua,Primaire,Rural,33,42866,64,38,45966,67
946,0,24,Homme,Maradi,Secondaire,Urbain,22,52996,35,35,53275,39
947,0,15,Homme,Tahoua,Technique,Rural,15,39183,26,17,48490,29
948,0,21,Homme,Niamey,Primaire,Rural,31,63956,29,35,60397,23
949,0,25,Femme,Maradi,Secondaire,Rural,17,37993,27,9,27677,27
950,0,21,Homme,Zinder,Technique,Rural,18,31055,37,20,38771,39
951,0,26,Femme,Tahoua,Secondaire,Urbain,20,5031,50,26,7258,60
952,0,27,Femme,Tahoua,Secondaire,Urbain,18,48315,43,24,32143,35
953,0,18,Homme,Niamey,Secondaire,Urbain,38,32874,50,38,18155,49
954,0,19,Homme,Zinder,Primaire,Urbain,30,45626,52,27,50901,47
955,0,19,Homme,Tahoua,Primaire,Urbain,28,26267,42,31,37486,55
956,0,24,Homme,Maradi,Technique,Rural,20,56661,44,33,64188,42
957,0,25,Homme,Niamey,Secondaire,Rural,33,42284,30,38,42650,49
958,0,26,Femme,Tahoua,Secondaire,Urbain,17,58361,47,16,74141,57
959,0,26,Femme,Niamey,Technique,Rural,23,51175,41,33,46418,56
960,0,25,Homme,Niamey,Technique,Urbain,34,56252,32,42,56056,26
961,0,25,Femme,Tahoua,Secondaire,Rural,18,51695,37,20,48482,40
962,0,22,Femme,Maradi,Secondaire,Rural,25,47532,42,25,54080,60
963,0,19,Homme,Niamey,Secondaire,Urbain,19,63199,64,18,52504,71
964,0,20,Homme,Zinder,Primaire,Rural,22,39801,53,28,29777,54
965,0,23,Homme,Niamey,Technique,Urbain,25,29426,31,34,15721,31
966,0,27,Femme,Maradi,Primaire,Urbain,23,69270,47,25,71538,55
967,0,27,Homme,Maradi,Technique,Urbain,33,41631,31,26,55229,25
968,0,16,Homme,Tahoua,Secondaire,Urbain,30,56439,46,35,72539,55
969,0,19,Homme,Niamey,Secondaire,Urbain,32,41324,28,37,36703,22
970,0,26,Homme,Zinder,Secondaire,Rural,32,48099,26,26,46993,26
971,0,19,Femme,Tahoua,Primaire,Urbain,36,51318,42,49,46522,44
972,0,17,Femme,Niamey,Technique,Rural,27,22390,49,25,27910,55
973,0,24,Homme,Niamey,Primaire,Rural,30,48971,31,24,54698,41
974,0,27,Femme,Niamey,Primaire,Urbain,22,33677,49,16,42764,59
975,0,28,Homme,Niamey,Secondaire,Urbain,24,67844,52,22,55838,54
976,0,24,Homme,Niamey,Secondaire,Urbain,29,53175,47,27,44557,41
977,0,24,Femme,Maradi,Primaire,Rural,22,59661,51,29,58376,66
978,0,24,Femme,Tahoua,Technique,Urbain,22,41669,41,27,38707,36
979,0,22,Homme,Maradi,Technique,Urbain,27,46003,57,26,53115,68
980,0,12,Femme,Zinder,Technique,Urbain,37,48987,49,36,50554,50
981,0,24,Femme,Niamey,Secondaire,Urbain,14,49556,42,8,39365,45
982,0,21,Homme,Niamey,Secondaire,Rural,21,33502,34,25,45868,51
983,0,25,Femme,Tahoua,Primaire,Rural,28,42271,42,26,48717,47
984,0,20,Femme,Niamey,Primaire,Urbain,28,30301,52,35,26797,59
985,0,17,Femme,Zinder,Secondaire,Urbain,14,62618,47,14,55315,61
986,0,26,Femme,Zinder,Primaire,Rural,19,42281,33,26,41293,33
987,0,23,Femme,Niamey,Primaire,Rural,16,53453,32,13,47713,35
988,0,32,Homme,Tahoua,Secondaire,Rural,25,43246,45,23,57881,55
989,0,25,Femme,Zinder,Secondaire,Urbain,36,54231,30,38,54710,37
990,0,25,Femme,Niamey,Secondaire,Urbain,25,49383,54,31,52357,53
991,0,24,Femme,Zinder,Secondaire,Urbain,23,57556,40,29,66750,40
992,0,20,Homme,Maradi,Secondaire,Urbain,43,55917,42,43,62933,42
993,0,21,Femme,Niamey,Secondaire,Urbain,20,50818,18,18,67712,25
994,0,25,Homme,Tahoua,Secondaire,Rural,26,40209,53,32,47167,55
995,0,25,Femme,Zinder,Primaire,Urbain,22,39659,36,25,58241,47
996,0,24,Femme,Tahoua,Secondaire,Rural,18,51741,48,24,50218,56
997,0,19,Homme,Niamey,Secondaire,Urbain,30,35430,19,43,26575,17
998,0,27,Femme,Tahoua,Technique,Urbain,21,58913,45,25,59521,51
999,0,18,Homme,Zinder,Primaire,Urbain,32,52552,44,42,57269,47
1000,0,21,Femme,Niamey,Secondaire,Urbain,22,50928,24,19,60114,27
